"","region","country","mean_life","mean_alcohol","mean_amortality","mean_bmi","mean_water","mean_pop","mean_health_spend","mean_life60","mean_imort","mean_edu","mean_school","mean_gni"
"1","Western Pacific","China",74.6460217647059,4.33044117647059,91.8846605882353,23.0470588235294,86.6448617647059,1353358.11323529,4.35497941176471,19.2367082352941,0.0166397058823529,NA,6.324035,6583.57142857143
"2","South-East Asia","India",65.7281858823529,2.04070176470588,201.076994117647,21.2352941176471,85.3131017647059,1196600.17658824,3.69239705882353,17.2114841176471,0.0522926470588235,3.578663,5.32019,3504.28571428571
"3","Americas","United States of America",78.1229335294118,8.60649411764706,110.208317647059,28.3058823529412,99.236065,303090.034647059,15.3197070588235,22.7554717647059,0.00659705882352941,4.946395,13.2538833333333,45597.1428571429
"4","South-East Asia","Indonesia",67.5738758823529,0.0695441176470588,186.994094117647,22.3411764705882,82.53037,235955.377882353,2.64988588235294,16.3020852941176,0.0323202941176471,3.07543857142857,7.55654625,6298.57142857143
"5","Americas","Brazil",72.7694688235294,6.90382,159.514370588235,25.6470588235294,95.7949617647059,192568.573214286,8.28075941176471,20.2160323529412,0.0209861764705882,5.05629933333333,7.0639875,11388.5714285714
"6","Eastern Mediterranean","Pakistan",64.4873241176471,0.0318476470588235,177.701852941176,23.2411764705882,88.4718470588235,172153.421470588,2.69148470588235,17.50375,0.0808752941176471,2.42117571428571,4.561353,3749.28571428571
"7","Africa","Nigeria",51.1923435294118,10.3071076470588,386.574494117647,22.8352941176471,59.0229552941177,151743.434647059,3.67355117647059,13.3802747058824,0.0950361764705882,NA,8.15852,3670
"8","Europe","Russian Federation",67.9192705882353,10.7107752941176,269.458058823529,26.0235294117647,95.9375458823529,144322.766529412,5.06667235294118,17.6178535294118,0.0116885294117647,3.69094692307692,10.74753,14962.8571428571
"9","South-East Asia","Bangladesh",69.0981052941176,0.00365941176470588,148.967376470588,20.9176470588235,96.2094252941177,143777.366235294,2.33469176470588,18.5077952941176,0.0459544117647059,2.03546846153846,5.39851857142857,1852.85714285714
"10","Western Pacific","Japan",82.7535735294118,7.29512058823529,62.7763870588235,22.6235294117647,98.6719852941176,128201.529411765,8.93454470588235,25.4404382352941,0.00254647058823529,3.48071666666667,12.34001,32109.2857142857
"11","Americas","Mexico",75.4930229411765,4.49187470588235,132.406158823529,27.3705882352941,94.3271994117647,110937.072823529,5.62936647058824,21.7917047058824,0.0167073529411765,4.83538647058824,8.05282846153846,12797.8571428571
"12","Western Pacific","Philippines",67.9308670588235,4.48392058823529,206.602423529412,22.6529411764706,89.22118,90920.0074705882,3.85616823529412,16.9477547058824,0.0262002941176471,2.78054,8.765476,5837.85714285714
"13","Western Pacific","Viet Nam",75.0416370588235,1.81778352941176,133.308011764706,20.8294117647059,87.0138341176471,86481.3027647059,5.44522058823529,21.9765635294118,0.0201194117647059,5.02632571428571,7.60819,3447.14285714286
"14","Africa","Ethiopia",58.8208923529412,0.348218823529412,305.495705882353,20.2352941176471,30.0271523529412,83707.193,4.46373176470588,17.1636123529412,0.0650535294117647,4.72891,2.098975,810.714285714286
"15","Europe","Germany",79.7830635294118,11.5799141176471,80.5660688235294,26.2117647058824,100,81366.4964117647,10.4983129411765,22.9136882352941,0.00365088235294118,4.72991636363636,13.9593392307692,34412.8571428571
"16","Eastern Mediterranean","Egypt",69.7549111764706,0.16924,171.695435294118,28.5882352941176,98.45402,80488.1954117647,4.82812117647059,17.1283435294118,0.0270691176470588,4.30966666666667,6.49143,8617.85714285714
"17","Eastern Mediterranean","Iran (Islamic Republic of)",72.9585488235294,0.0174329411764706,120.154894117647,25.6176470588235,95.1124217647059,72298.3437647059,5.98990294117647,18.8821541176471,0.0192141176470588,3.78480941176471,9.99277714285714,12003.3333333333
"18","Europe","Turkey",73.7880805882353,1.50313176470588,122.141111764706,27.3058823529412,97.3454205882353,70917.2677647059,4.84078058823529,20.0894552941176,0.0199067647058824,2.76330333333333,7.05840538461538,13110.7142857143
"19","South-East Asia","Thailand",73.2176164705882,6.47785823529412,171.994488235294,23.6117647058824,96.8494905882353,66337.2450588235,3.37796,21.0561294117647,0.0143908823529412,4.11643,7.59089,10155
"20","Europe","United Kingdom of Great Britain and Northern Ireland",79.9100552941176,10.4601729411765,77.1282364705882,26.8117647058824,100,62289.3208823529,7.92583352941176,23.1029947058824,0.00467235294117647,5.073275625,13.2301933333333,33212.1428571429
"21","Europe","France",81.0297529411765,12.7605882352941,86.6474811764706,24.9823529411765,99.9575811764706,62075.0867058823,10.7072647058824,24.5962270588235,0.00373588235294118,NA,10.9505025,31969.2857142857
"22","Africa","Democratic Republic of the Congo",56.3235405882353,0.652678235294118,298.603982352941,21.3823529411765,38.3962776470588,61357.504,3.80060941176471,16.1583223529412,0.0958738235294118,1.96555,6.366785,517.142857142857
"23","Europe","Italy",81.4905158823529,8.11643294117647,62.2355135294118,25.6,99.7178747058824,58851.4154117647,8.49319117647059,24.1378141176471,0.00349176470588235,4.29076470588235,9.60274363636364,30642.1428571429
"24","Africa","South Africa",58.2263811764706,7.36621,400.349423529412,26.7588235294118,88.5614558823529,50136.8058235294,7.26437764705882,15.9476835294118,0.0438885294117647,5.46135117647059,9.24203,9860
"25","South-East Asia","Myanmar",63.7603258823529,0.847639411764706,226.322905882353,21.9529411764706,63.8999735294118,49957.482,2.51212058823529,16.4472988235294,0.0552617647058824,0.78744,NA,NA
"26","Western Pacific","Republic of Korea",79.8486564705882,9.27129294117647,81.4151005882353,23.4529411764706,98.964466,49243.4240588235,5.64411117647059,23.1896835294118,0.00444117647058824,4.59437,11.506628,26008.5714285714
"27","Europe","Ukraine",69.0558952941176,7.56824764705882,238.678105882353,26.1529411764706,95.9495241176471,46726.1863571429,6.41536882352941,17.4986611764706,0.0112741176470588,5.85420133333333,11.09939,6717.85714285714
"28","Europe","Spain",81.3911947058824,10.2630329411765,69.8521723529412,26.1235294117647,99.9837041176471,44993.5626470588,8.19791,24.2998329411765,0.00338,4.34437647058824,9.40390833333333,28065.7142857143
"29","Americas","Colombia",73.2835723529412,4.33743823529412,147.930617647059,25.5235294117647,94.1113811764706,44060.7269411765,6.56619823529412,20.60252,0.0172508823529412,4.28316411764706,7.49955769230769,8858.57142857143
"30","Africa","United Republic of Tanzania",57.3155288235294,6.09720823529412,374.828876470588,22.6588235294118,40.4979576470588,42387.8922352941,5.11344823529412,16.5974882352941,0.0583714705882353,3.77800875,4.87601,1250.71428571429
"31","Americas","Argentina",75.4604452941176,7.95928588235294,123.814688235294,26.9,97.9271247058823,40130.9967647059,8.05647823529412,20.9410547058824,0.0137476470588235,4.76794470588235,10.5302141666667,NA
"32","Africa","Kenya",59.6563341176471,1.36190117647059,348.222423529412,22.6705882352941,52.9170123529412,40073.8156470588,5.46688529411765,17.4755458823529,0.0492885294117647,5.85141285714286,6.061835,1805.71428571429
"33","Europe","Poland",75.8057447058823,9.71970588235294,134.320758823529,26,97.8211125,38312.8134117647,6.10888588235294,20.6552464705882,0.00569941176470588,5.05530647058824,12.4664188888889,15822.1428571429
"34","Africa","Algeria",74.1993317647059,0.414070588235294,113.658860588235,24.9058823529412,91.8485252941176,35158.4354117647,4.74855705882353,20.7360205882353,0.0272441176470588,4.33702,7.40254,10645.7142857143
"35","Americas","Canada",81.0672311764706,8.2,71.69583,26.7,99.2316964705882,33390.9011764706,9.70881764705882,24.2153382352941,0.00499058823529412,5.01334111111111,13.356455,35977.8571428571
"36","Eastern Mediterranean","Sudan",62.2228688235294,0.09626,253.062094117647,NA,49.8983858823529,33254.779,5.13936588235294,17.3880552941176,0.0575102941176471,1.71638857142857,NA,2528.57142857143
"37","Eastern Mediterranean","Morocco",72.8842064705882,0.458823529411765,102.466094117647,25.2764705882353,74.2687905882353,31719.2810588235,5.10237764705882,19.2269288235294,0.0322726470588235,5.301395,NA,5216.42857142857
"38","Africa","Uganda",55.0013841176471,11.1254847058824,403.8019,21.8058823529412,36.8525135294118,30855.1635294118,9.01670176470588,16.5204905882353,0.0682655882352941,2.79065333333333,5.0263475,1024.28571428571
"39","Eastern Mediterranean","Iraq",68.8920388235294,0.171554117647059,175.919817647059,27.8352941176471,88.11031,29196.8097647059,3.057375,18.3049470588235,0.0321026470588235,NA,7.79195,12427.7777777778
"40","Americas","Peru",73.8740323529412,4.82125352941176,137.623711764706,25.8058823529412,85.8879158823529,28592.5148823529,4.78415647058824,20.7649429411765,0.0189679411764706,3.07863705882353,8.7958325,7599.28571428571
"41","Eastern Mediterranean","Afghanistan",60.0986747058824,0.0137883333333333,266.336382352941,22.5176470588235,44.1124011764706,27917.7371176471,9.54498266666667,15.7588888235294,0.0761888235294118,3.45421428571429,NA,1339.16666666667
"42","Europe","Uzbekistan",69.9687152941176,2.00855882352941,158.233735294118,25.7705882352941,93.3386494117647,27819.8839411765,5.50689529411765,18.0707429411765,0.0377985294117647,6.19073,11.4420175,3337.85714285714
"43","Americas","Venezuela (Bolivarian Republic of)",73.2719411764706,7.23423941176471,166.700829411765,26.5058823529412,96.2156105882353,27537.0811176471,6.66213588235294,21.1714023529412,0.0156558823529412,4.72368333333333,8.74267142857143,14340.7142857143
"44","Western Pacific","Malaysia",73.8262576470588,0.523902352941176,134.461664705882,24.7941176470588,97.0459394117647,27106.0912352941,3.21549176470588,18.7999417647059,0.00703147058823529,5.64317625,9.254678,16656.4285714286
"45","Eastern Mediterranean","Saudi Arabia",73.6573358823529,0.0744517647058824,99.8437829411765,27.9705882352941,98.4811076470588,26191.3401764706,4.19142882352941,18.2423352941176,0.0147632352941176,6.388505,7.98755666666667,39168.5714285714
"46","South-East Asia","Nepal",66.4840770588235,0.216196470588235,194.159682352941,21.5647058823529,84.3030276470588,26141.3396470588,4.81094235294118,16.8356605882353,0.0441323529411765,3.64273882352941,3.55485,1692.14285714286
"47","South-East Asia","Democratic People's Republic of Korea",69.2121505882353,3.22987529411765,157.215594117647,23.5058823529412,97.5637988235294,24239.0688823529,NA,16.7925158823529,0.0264420588235294,NA,NA,NA
"48","Africa","Ghana",60.2628835294118,1.48931823529412,280.484382352941,23.3705882352941,72.3749023529412,23677.8967058824,3.83668352941176,15.2568741176471,0.0550405882352941,5.84746785714286,7.58704,2559.28571428571
"49","Africa","Mozambique",53.5368011764706,0.807801764705882,416.941017647059,22.1823529411765,36.0273323529412,22450.5233529412,5.21382941176471,16.7352011764706,0.0855455882352941,5.23346333333333,2.91609,692.142857142857
"50","Eastern Mediterranean","Yemen",63.5070417647059,0.0452052941176471,239.395623529412,23.0705882352941,50.1801941176471,22050.2777647059,5.198850625,16.1169235294118,0.0536679411764706,8.01153666666667,NA,3571.42857142857
"51","Africa","Angola",55.7513682352941,4.72609529411765,297.290982352941,22.5647058823529,48.5590917647059,22047.548,3.00804411764706,16.2309952941176,0.0937882352941176,2.607605,3.99596,4580.71428571429
"52","Western Pacific","Australia",81.5439888235294,10.1247058823529,65.5709035294118,26.7705882352941,99.8409252941177,21437.5755882353,8.35523588235294,24.4925470588235,0.00435117647058824,5.03139307692308,12.2228576923077,33957.8571428571
"53","Europe","Romania",73.2257052941176,10.5247664705882,155.753917647059,25.7882352941176,100,20903.4025882353,5.01634470588235,19.1759923529412,0.0123808823529412,3.4542325,10.6892490909091,11928.5714285714
"54","Africa","Madagascar",62.44618,0.831874117647059,251.770088235294,20.9764705882353,44.0477576470588,20118.4093529412,5.35971588235294,16.5674476470588,0.0508461764705882,2.9953125,NA,1269.28571428571
"55","South-East Asia","Sri Lanka",73.6827194117647,2.17986,148.171935294118,22.3,84.2075164705882,19948.6522352941,3.93418294117647,20.1383394117647,0.0111264705882353,2.03879,10.2604325,6070.71428571429
"56","Africa","CÃ´te d'Ivoire",51.4840582352941,1.95142941176471,437.091817647059,23.2823529411765,71.8153970588235,19820.4445882353,5.40415470588235,13.6997682352941,0.0884879411764706,4.32667588235294,4.45954,2400
"57","Africa","Cameroon",53.8936805882353,5.12867411764706,375.270041176471,23.7764705882353,59.9743717647059,19429.8561176471,4.29269941176471,15.8805664705882,0.0802382352941177,2.754290625,5.2061,2185
"58","Eastern Mediterranean","Syrian Arab Republic",70.2153723529412,0.612661176470588,182.461058823529,27.5588235294118,96.0440770588235,18900.5314117647,3.97602615384615,18.8042094117647,0.0158976470588235,5.19304625,6.0170925,NA
"59","Americas","Chile",78.4341111764706,7.18239882352941,94.1330852941176,27.2764705882353,97.8465976470588,16722.0416470588,7.12208117647059,22.5928005882353,0.00779970588235294,4.037816,9.95495428571428,14067.8571428571
"60","Europe","Netherlands",80.2115635294118,9.21059647058824,68.9048582352941,25.3705882352941,100,16524.7027058824,9.51679117647059,22.9846870588235,0.00406029411764706,5.16885235294118,12.0626941666667,37710
"61","Europe","Kazakhstan",66.8021694117647,4.62823529411765,252.532888235294,25.9470588235294,89.7893041176471,16055.6823529412,3.29683176470588,16.4135523529412,0.0235985294117647,2.768079,11.300785,13872.1428571429
"62","Africa","Niger",54.3894870588235,0.108518823529412,274.962588235294,21.3588235294118,42.8530741176471,15559.0355882353,7.05246235294118,15.4823258823529,0.0765323529411765,4.07453,1.6387,747.857142857143
"63","Africa","Burkina Faso",55.2903070588235,5.77183529411765,294.807335294118,21.6058823529412,51.7704782352941,14855.2322352941,5.03362176470588,14.9087929411765,0.0777820588235294,4.36617111111111,1.08355666666667,1197.14285714286
"64","Americas","Ecuador",74.99884,4.00986,137.199041176471,26.2588235294118,88.0876852941176,14546.4014117647,6.43553470588235,22.6582029411765,0.0230617647058824,4.32938375,8.103813,7675
"65","Africa","Mali",53.7235958823529,0.581144117647059,295.925870588235,22.3411764705882,62.7501623529412,14226.1052352941,4.72440647058824,14.9930652941176,0.0956923529411765,3.42749933333333,1.7402025,1340.71428571429
"66","Americas","Guatemala",70.58156,2.10854294117647,190.942741176471,25.8,89.8125105882353,14047.209,6.21059647058823,20.6440294117647,0.0325238235294118,2.945999,4.777964,6017.85714285714
"67","Western Pacific","Cambodia",64.7303341176471,1.75625529411765,221.203241176471,21.4117647058824,64.5405158823529,13926.5953529412,6.74581588235294,16.5615441176471,0.0495491176470588,1.69450272727273,3.828746,1910.71428571429
"68","Africa","Malawi",54.5776935294118,1.67242117647059,424.618482352941,22.3411764705882,60.4653529411765,13904.1815882353,7.15010411764706,16.2137352941176,0.0698135294117647,4.58647444444444,NA,597.857142857143
"69","Africa","Zambia",53.6050835294118,3.12458,446.703135294118,22.0352941176471,54.4908729411765,13067.4762352941,5.22412764705882,16.1091276470588,0.0668052941176471,2.38569571428571,NA,2184.28571428571
"70","Africa","Zimbabwe",51.2744423529412,2.87546647058824,549.348788235294,23.5588235294118,68.4723382352941,12626.2165294118,7.76651285714286,15.7903282352941,0.0586370588235294,4.93715,7.6529,1519.28571428571
"71","Africa","Senegal",62.1033470588235,0.285886470588235,222.464205882353,22.6058823529412,69.6179511764706,12153.6132941176,4.01280176470588,16.16407,0.0513444117647059,4.189628125,2.23904333333333,1897.14285714286
"72","Eastern Mediterranean","Somalia",52.80396,0.00135058823529412,334.693717647059,22.6588235294118,35.7410923529412,11442.2081176471,NA,15.9462388235294,0.106255,NA,NA,NA
"73","Africa","Chad",50.8316917647059,0.584726470588235,391.524111764706,21.4764705882353,40.1522358823529,11290.0968823529,4.77809176470588,15.4889770588235,0.0964852941176471,2.21877888888889,1.5817,1367.85714285714
"74","Americas","Cuba",78.0046805882353,4.19443764705882,102.877982941176,25.0941176470588,94.2013847058823,11245.7086470588,9.71279117647059,22.1183723529412,0.00505794117647059,10.6679609090909,10.753945,13340
"75","Europe","Greece",80.0152552941177,8.09983882352941,74.9302211764706,26.9705882352941,99.8430529411765,10976.3195294118,8.62862923076923,23.0750641176471,0.00376588235294118,3.51326166666667,10.30937625,24719.2857142857
"76","Europe","Belgium",79.7681505882353,10.8952376470588,84.6779411764706,25.8352941176471,99.9999994117647,10789.6039411765,9.44867764705882,23.1537488235294,0.00379411764705882,6.40280444444444,11.542372,34739.2857142857
"77","Europe","Portugal",79.3913235294118,11.3514664705882,91.0120947058823,25.7176470588235,99.3354652941177,10472.1057647059,9.13066,23.0559,0.00351029411764706,5.124555,7.83716058823529,22035
"78","Eastern Mediterranean","Tunisia",74.5370294117647,1.29807235294118,101.35883,25.7294117647059,91.7369676470588,10448.1216470588,5.90132117647059,19.4564988235294,0.0175747058823529,6.38400692307692,6.785106,8140
"79","Europe","Czechia",77.1125205882353,13.2812088235294,103.456958235294,26.7588235294118,99.8448241176471,10423.5988235294,6.69263352941176,20.7324347058824,0.00315294117647059,4.20363588235294,12.3842854545455,21493.5714285714
"80","Europe","Hungary",73.9622658823529,12.0170147058824,162.054447058824,26.6,99.9677041176471,9988.90152941177,7.34914647058824,19.3134476470588,0.00594823529411765,4.90965588235294,11.699327,16920
"81","Africa","Guinea",55.4606505882353,0.231143529411765,305.580094117647,22.4058823529412,62.8606094117647,9825.89088235294,3.68405235294118,14.64933,0.0827955882352941,2.28524066666667,1.780325,1014.28571428571
"82","Americas","Bolivia (Plurinational State of)",67.8310005882353,3.11281647058824,211.074717647059,25.6235294117647,86.1443347058824,9723.427,5.33149235294118,19.7773847058824,0.0436920588235294,NA,7.72228666666667,4340
"83","Africa","Rwanda",59.4168205882353,7.90673058823529,303.258617647059,21.5176470588235,51.3665141176471,9653.50605882353,7.32746764705882,17.1159347058824,0.0621870588235294,4.36733727272727,3.91241,1001.42857142857
"84","Americas","Haiti",59.9550158823529,3.15488294117647,298.483035294118,24.3176470588235,61.0721494117647,9649.39711764706,7.07839058823529,17.3030829411765,0.0656370588235294,2.87700666666667,NA,1531
"85","Europe","Belarus",70.2428552941176,12.37057,222.379717647059,26.1941176470588,97.9907394117647,9539.03323529412,5.68878352941177,17.5266370588235,0.00531882352941176,5.20583153846154,11.33366,11446.4285714286
"86","Americas","Dominican Republic",71.4019458823529,5.84068,191.486294117647,25.7,93.3896688235294,9449.49164705882,5.09507764705882,21.35677,0.0298741176470588,1.932314,7.79617875,7944.28571428571
"87","Europe","Sweden",81.1619417647059,6.96117647058824,62.2297205882353,25.6411764705882,100,9282.36876470588,9.20394529411765,23.6896347058824,0.00269852941176471,6.92834235294118,12.4052184615385,36215.7142857143
"88","Europe","Serbia",74.4650629411765,8.39681545454545,120.274358823529,25.6764705882353,91.1653776470588,9102.77535294118,8.63478058823529,18.6275511764706,0.00752470588235294,4.13583,10.2991611111111,9202.14285714286
"89","Europe","Azerbaijan",70.2353341176471,1.50830235294118,138.514441176471,26.2470588235294,83.5165076470588,8867.06117647059,5.26947588235294,17.8971094117647,0.0410679411764706,2.89438411764706,10.563657,9477.85714285714
"90","Africa","Benin",58.3033141176471,1.39674117647059,267.695123529412,22.8647058823529,64.0084288235294,8760.76294117647,4.0646,16.7844217647059,0.0797226470588235,3.8249575,2.46291,1477.85714285714
"91","Africa","South Sudan",54.2892558823529,NA,363.716970588235,NA,41.0001683333333,8648.99517647059,NA,15.94885,0.0861617647058824,1.346922,5.72866,2518.33333333333
"92","Europe","Austria",80.28632,12.1548264705882,77.0421323529412,25.3117647058824,100,8366.12111764706,9.86196411764706,23.3972470588235,0.00377588235294118,5.45253,11.8614090909091,36150.7142857143
"93","Africa","Burundi",56.0031564705882,5.11733058823529,334.987770588235,21.1764705882353,55.3656223529412,8230.62835294118,8.26919941176471,16.1595941176471,0.0747261764705882,5.02869928571429,2.226685,658.571428571429
"94","Americas","Honduras",73.3297052941176,2.74048470588235,159.114152941176,25.8,89.6745052941177,7956.18482352941,7.82640117647059,21.61803,0.0228867647058824,6.45934,5.857095,3560.71428571429
"95","Europe","Switzerland",81.8481870588235,10.2488794117647,61.3545241176471,25.0176470588235,100,7680.537,10.8298835294118,24.5287047058824,0.00418529411764706,5.06012352941177,13.6481185714286,44119.2857142857
"96","Europe","Bulgaria",73.3550352941176,10.6889070588235,148.080123529412,25.8411764705882,99.4793088235294,7544.77517647059,7.13731529411765,18.8155458823529,0.0101744117647059,3.72772538461538,10.8490816666667,11163.5714285714
"97","Europe","Tajikistan",68.6397523529412,0.724659411764706,141.565676470588,25.0117647058824,67.5736911764706,7296.75694117647,5.58931176470588,17.5693488235294,0.0528241176470588,3.41087357142857,10.82551,1665
"98","Europe","Israel",80.71603,2.64895235294118,66.50145,26.7529411764706,100,7014.35182352941,7.06073176470588,23.5704811764706,0.00407235294117647,5.85392,12.513335,25624.2857142857
"99","Western Pacific","Papua New Guinea",63.9486582352941,0.725367647058824,245.443935294118,24.8529411764706,36.5333876470588,7005.77064705882,2.44170117647059,16.5090847058824,0.0534058823529412,NA,NA,1725.71428571429
"100","Eastern Mediterranean","Jordan",72.9983217647059,0.465093529411765,120.220223529412,28.4,99.1777923529412,6906.28358823529,8.51066117647059,18.6185994117647,0.0194779411764706,3.84229,8.59023666666667,9245
"101","Eastern Mediterranean","United Arab Emirates",75.8269729411765,1.92385235294118,87.0993476470588,27.8,95.9500676470588,6613.79305882353,3.06227176470588,19.3418458823529,0.00798794117647059,NA,10.013655,78100
"102","Africa","Togo",57.1657776470588,1.28683235294118,310.614064705882,22.8529411764706,55.01406,6136.98829411765,4.87359823529412,14.5616952941176,0.0658029411764706,3.96144235294118,3.880805,1065
"103","Americas","El Salvador",71.3727011764706,2.59352529411765,198.049505882353,26.8823529411765,87.1598229411765,6129.20970588235,8.12706,20.6615358823529,0.0192591176470588,3.709348,6.30155444444444,6285
"104","Americas","Paraguay",72.7698305882353,5.71900529411765,157.077652941176,25.8176470588235,87.4200158823529,6071.06282352941,5.10574705882353,20.6583005882353,0.0226441176470588,3.403978,7.67875909090909,5382.85714285714
"105","Western Pacific","Lao People's Democratic Republic",62.3529717647059,5.12439235294118,231.3613,21.9764705882353,63.7463511764706,6059.56758823529,3.08121,16.2624947058824,0.0674497058823529,2.32341357142857,NA,2937.85714285714
"106","Africa","Sierra Leone",46.79126,3.67956058823529,452.132241176471,22.4529411764706,49.3381305882353,6051.97858823529,12.4229023529412,12.3761864705882,0.126593823529412,3.00496333333333,NA,1160
"107","Eastern Mediterranean","Libya",71.94841,0.00972647058823529,138.914905882353,27.4470588235294,91.4131582352941,5990.56811764706,3.67241916666667,18.0492223529412,0.0170808823529412,NA,NA,23881.25
"108","Americas","Nicaragua",72.8804252941176,3.58407705882353,169.252288235294,26.5411764705882,81.3069064705882,5675.79688235294,6.79945529411765,21.4671305882353,0.0238923529411765,3.50596,NA,3460
"109","Western Pacific","Singapore",81.0706052941176,1.77794294117647,65.4562752941176,23.5294117647059,100,5653.634,3.42647529411765,23.6236441176471,0.00238617647058824,3.22785714285714,10.9386908333333,56977.1428571429
"110","Europe","Denmark",79.0444052941177,10.5448547058824,84.7791858823529,25.1882352941176,99.9999988235294,5510.17188235294,9.55375176470588,22.2308111764706,0.00389588235294118,8.04066,12.7189383333333,36500
"111","Europe","Slovakia",75.1949852941176,10.8177205882353,128.595323529412,25.9235294117647,98.57982,5408.92076470588,6.75372588235294,19.7778729411765,0.006365,3.98700705882353,12.00778,18615
"112","Europe","Kyrgyzstan",68.3584070588235,6.00008882352941,205.067435294118,25.6176470588235,83.9400058823529,5357.20311764706,6.65306117647059,17.0827541176471,0.0302135294117647,5.57762235294118,11.01587,2271.42857142857
"113","Europe","Finland",79.7673582352941,9.44941176470588,89.1763052941176,25.9,100.000001176471,5330.39682352941,8.34812647058824,23.2494852941176,0.00267058823529412,6.37810764705882,12.7097866666667,33225
"114","Eastern Mediterranean","Lebanon",75.1917605882353,1.64285941176471,103.129368235294,26.9764705882353,89.0482794117647,5052.41176470588,8.31482294117647,19.4704682352941,0.0107305882352941,2.30353916666667,8.09212,12731.4285714286
"115","Europe","Turkmenistan",65.7654052941176,2.71759705882353,208.196947058824,25.5882352941176,93.0261311764706,5001.03182352941,6.66843117647059,17.0083158823529,0.0577823529411765,3.04925,NA,7201.42857142857
"116","Europe","Norway",80.7448758823529,6.21705882352941,67.9500441176471,26.2117647058824,100,4816.46470588235,8.78895294117647,23.5282423529412,0.00290235294117647,7.05040176470588,12.7048736363636,51368.5714285714
"117","Americas","Costa Rica",78.7094647058824,3.96035470588235,98.7224564705882,26.5941176470588,97.3077705882353,4452.30011764706,7.36020470588235,23.3941147058824,0.00912852941176471,5.795025625,8.48221222222222,10232.8571428571
"118","Europe","Croatia",76.2675176470588,11.5418552941176,110.37655,26.4588235294118,99.0719582352941,4336.50676470588,7.15841352941176,20.2486905882353,0.00527911764705882,4.11876222222222,10.56786,16256.4285714286
"119","Europe","Ireland",79.5887329411765,12.1937605882353,73.1077788235294,26.9470588235294,97.2865058823529,4324.85770588235,8.37028,22.5873070588235,0.00404147058823529,4.80832882352941,11.24839,32575.3846153846
"120","Western Pacific","New Zealand",80.5003917647059,9.13843647058824,74.3107764705882,27.4294117647059,100,4270.90952941177,8.74698529411765,23.8280576470588,0.00486058823529412,6.423456875,13.1939042857143,25466.1538461538
"121","Africa","Central African Republic",48.2152011764706,1.54333235294118,491.683888235294,22.2176470588235,50.7233817647059,4185.63982352941,4.44151470588235,15.0307370588235,0.111600588235294,1.40429727272727,NA,706.428571428571
"122","Europe","Georgia",72.4702452941176,5.66569058823529,148.770617647059,26.6470588235294,95.3082729411765,4151.72076470588,8.30464352941176,18.8072652941176,0.0186670588235294,2.64034307692308,12.59704,4795
"123","Europe","Republic of Moldova",69.23762,7.50849352941176,207.776364705882,26.4823529411765,85.8359576470588,4122.41629411765,8.10917529411765,16.5992023529412,0.0168920588235294,6.75439066666667,11.3064044444444,3501.42857142857
"124","Africa","Congo",58.9503182352941,3.33418294117647,341.544817647059,22.6470588235294,63.9652688235294,4020.56682352941,2.29698176470588,16.5346252941176,0.0553885294117647,3.56683428571429,NA,3412.85714285714
"125","Europe","Bosnia and Herzegovina",75.7594088235294,4.55596529411765,106.277555882353,25.2411764705882,96.7506,3753.344,8.87543941176471,19.5993888235294,0.00687764705882353,NA,8.404738,7370.71428571429
"126","Africa","Liberia",57.3899564705882,3.94390764705882,286.094723529412,23.6117647058824,67.8745323529412,3654.25688235294,7.48192176470588,14.9315358823529,0.0830220588235294,1.873135,NA,460
"127","Americas","Panama",76.7451376470588,5.71836882352941,117.135570588235,26.2882352941176,92.3015429411765,3522.39147058824,6.85030352941176,23.1507076470588,0.0180285294117647,3.92369571428571,8.627905,12071.4285714286
"128","Americas","Uruguay",75.8674647058824,6.24929176470588,121.001582352941,26.5529411764706,98.02943,3354.02611764706,9.10728,21.3254964705882,0.0134929411764706,2.98031555555556,8.52897181818182,12948.5714285714
"129","Africa","Mauritania",61.7890947058824,0.00958764705882353,216.545588235294,24.3882352941176,54.3731782352941,3334.88229411765,4.20735,16.2923205882353,0.0674841176470588,2.96297818181818,NA,2324.28571428571
"130","Europe","Lithuania",72.5985282352941,12.9906370588235,199.331470588235,26.2411764705882,93.3365852941176,3209.24023529412,6.23272117647059,19.75685,0.00598941176470588,4.944979375,12.5097683333333,16396.4285714286
"131","Eastern Mediterranean","Oman",75.0430523529412,0.498258235294118,113.407847058824,25.8294117647059,82.74451375,3025.588,2.97141529411765,19.8181005882353,0.01102,4.00059888888889,7.941965,37436.1538461538
"132","Europe","Albania",74.4817741176471,4.80148941176471,101.579787058824,25.9058823529412,88.5264182352941,3007.96241176471,NA,19.5780611764706,0.0165097058823529,3.36915727272727,9.490005,7572.14285714286
"133","Africa","Eritrea",60.2940852941177,0.874585294117647,321.913294117647,20.4470588235294,49.3461564705882,2961.16770588235,4.13221235294118,15.6446188235294,0.0450288235294118,3.2117575,NA,1145.71428571429
"134","Europe","Armenia",73.2099941176471,3.74033176470588,134.331729411765,25.9647058823529,97.6119976470588,2950.03505882353,7.66472176470588,18.9351447058824,0.0190226470588235,2.77035411764706,11.1536266666667,5478.57142857143
"135","Eastern Mediterranean","Kuwait",73.8984129411765,0.0193935294117647,85.9518188235294,28.9058823529412,100,2811.23782352941,2.93961882352941,17.36728,0.00960558823529412,5.433982,6.57774285714286,88536.6666666667
"136","Americas","Jamaica",74.2476382352941,3.42767529411765,150.641488235294,26.6411764705882,91.9326129411765,2782.74582352941,5.10405235294118,21.6641635294118,0.0175961764705882,5.512133125,8.97414,7882
"137","Western Pacific","Mongolia",66.4709964705882,6.13559588235294,242.880835294118,25.2058823529412,73.2229547058824,2670.69888235294,4.08248823529412,16.0083423529412,0.0286161764705882,5.032035,9.678175,5215
"138","Europe","Latvia",72.32887,9.74698117647059,193.325129411765,26.1352941176471,98.1673747058824,2174.76182352941,5.75242117647059,19.2639623529412,0.00807235294117647,5.347405625,12.5917769230769,15278.5714285714
"139","Europe","Republic of North Macedonia",74.4682452941177,4.01437705882353,111.507274705882,26.1647058823529,96.6059729411765,2064.33317647059,7.29388823529412,18.6615994117647,0.0108861764705882,3.30015,7.1427,8723.57142857143
"140","Africa","Namibia",58.6440052941176,2.45487882352941,383.792929411765,23.6058823529412,79.4217376470588,2055.73241176471,9.71946882352941,16.0952964705882,0.0434597058823529,6.41326375,5.8054,7037.14285714286
"141","Europe","Slovenia",78.6772811764706,10.9458823529412,96.4423294117647,25.9470588235294,99.5699747058824,2025.60958823529,8.20817882352941,22.2590029411765,0.00318941176470588,5.431085625,12.2131938461538,24170.7142857143
"142","Africa","Lesotho",49.9274147058824,2.62103705882353,536.265688235294,24.5117647058824,67.8756152941177,2017.25205882353,7.15066764705882,14.8411317647059,0.0832629411764706,11.16500875,5.68399,2404.28571428571
"143","Africa","Botswana",57.0244270588235,5.77453,431.423623529412,24.0294117647059,81.0437735294118,1904.47258823529,5.82574823529412,16.2829794117647,0.0444708823529412,9.721,NA,10837.8571428571
"144","Africa","Gambia",59.2825676470588,3.13377411764706,282.623847058824,23.0705882352941,76.3093282352941,1706.01141176471,3.17844529411765,15.0148958823529,0.0542964705882353,2.18276941176471,5.29168,1384.28571428571
"145","Africa","Gabon",61.9237688235294,8.01875588235294,291.946088235294,24.5235294117647,83.0541823529412,1561.41511764706,2.98321529411765,17.6844870588235,0.0462317647058824,3.10040333333333,NA,13862.8571428571
"146","Eastern Mediterranean","Qatar",77.0612541176471,1.01129235294118,66.7700711764706,28.3470588235294,99.9237823529412,1505.04547058824,2.33427,20.2227882352941,0.00879911764705882,3.76618230769231,9.294858,111628
"147","Africa","Guinea-Bissau",55.8592305882353,3.07296647058824,294.073694117647,22.8294117647059,60.0254382352941,1464.43923529412,7.28729294117647,14.8575511764706,0.0873452941176471,1.9630575,NA,1085
"148","Europe","Estonia",74.4215929411765,15.1371152941176,164.829494117647,25.9823529411765,99.4410417647059,1346.218,5.58338941176471,20.3935241176471,0.005025,5.18994,13.6681483333333,17176.4285714286
"149","Americas","Trinidad and Tobago",70.5600723529412,5.73958764705882,187.130282352941,26.7764705882353,95.3839541176471,1317.97923529412,4.77844352941176,18.7500611764706,0.0210879411764706,3.1251375,10.67956,22390
"150","Africa","Mauritius",72.9264735294118,3.37884647058824,160.067964705882,24.8882352941176,99.6236441176471,1232.90764705882,4.08420882352941,19.1216241176471,0.0129232352941176,3.79294176470588,7.41611,12720.7142857143
"151","Europe","Cyprus",79.2441676470588,10.7576758823529,65.8229170588235,26.6352941176471,99.8142035294118,1070.63782352941,6.05182470588235,21.92914,0.00363911764705882,6.24490375,11.4817846153846,25622.1428571429
"152","Eastern Mediterranean","Bahrain",76.1108358823529,1.81413411764706,77.4319782352941,25.1235294117647,99.9666182352941,1068.04547058824,3.85412294117647,19.4114029411765,0.00859794117647059,2.60055285714286,8.60044666666667,36513.0769230769
"153","Africa","Eswatini",50.2602776470588,6.1811,528.965294117647,26.1705882352941,60.6691076470588,1054.11688235294,7.2273,15.5648517647059,0.0719867647058823,6.0204325,NA,5700.71428571429
"154","South-East Asia","Timor-Leste",64.8112329411765,0.348186470588235,193.086905882353,20.5470588235294,62.6392186666667,1052.225,1.85129214285714,16.5581741176471,0.0643511764705882,2.61741333333333,NA,4173.57142857143
"155","Africa","Equatorial Guinea",55.9874470588235,8.05797647058824,341.652835294118,23.3411764705882,58.2323223529412,880.124823529412,1.98904823529412,16.4384876470588,0.0899117647058824,NA,NA,19272.1428571429
"156","Western Pacific","Fiji",68.7641676470588,2.24335352941176,205.413917647059,26.9823529411765,94.2333117647059,842.365235294118,3.53047647058824,16.6430011764706,0.0199444117647059,5.20624363636364,9.28579,6702.85714285714
"157","Eastern Mediterranean","Djibouti",60.4800288235294,0.647245294117647,288.838047058824,23.7882352941176,75.5403252941177,820.196235294118,4.50564294117647,17.1523088235294,0.0687511764705882,7.70369727272727,NA,1910
"158","Americas","Guyana",65.3943564705882,6.54708882352941,265.918576470588,25.5470588235294,91.7220611764706,751.731352941177,4.82975647058824,16.6155188235294,0.0339920588235294,5.702464,6.12263,4824.28571428571
"159","South-East Asia","Bhutan",66.8376358823529,0.449119411764706,243.596452941176,23.0764705882353,90.6349529411765,668.973647058824,3.86502,19.1846029411765,0.0410538235294118,5.70386333333333,2.22245,4852.85714285714
"160","Africa","Comoros",61.2987711764706,0.177886470588235,252.055682352941,23.6058823529412,85.1700741176471,661.903470588235,9.25755941176471,15.9611152941176,0.0701229411764706,2.83913285714286,NA,1411.42857142857
"161","Europe","Montenegro",74.8451441176471,9.48911272727273,119.128581176471,25.9,96.1619890909091,620.591470588235,NA,19.1505588235294,0.00784911764705882,NA,10.923545,10866.4285714286
"162","Americas","Suriname",69.6680511764706,4.90591235294118,201.194929411765,25.9882352941176,92.1841317647059,517.512235294118,5.38494117647059,18.2523694117647,0.0235576470588235,NA,8.40602,11535
"163","Western Pacific","Solomon Islands",68.9445735294118,1.02554294117647,184.319964705882,25.6,74.8242047058824,508.569235294118,7.38093588235294,16.9222723529412,0.0245067647058824,9.37869,NA,1431.42857142857
"164","Europe","Luxembourg",80.6862305882353,12.0934070588235,71.5732417647059,25.9823529411765,99.9840641176471,494.153,6.42728352941177,23.5611011764706,0.00358676470588235,3.9023225,13.163512,56180.7692307692
"165","Africa","Cabo Verde",71.4152247058824,4.33632117647059,144.413505882353,24.0058823529412,82.0839811764706,480.636705882353,4.55469882352941,18.0390164705882,0.023215,5.77079,5.87209,4637.85714285714
"166","Europe","Malta",80.0125741176471,6.92094588235294,61.4187258823529,27.0588235294118,100,412.471941176471,8.30436647058823,22.7210258823529,0.00574147058823529,6.01732454545455,10.362152,22715
"167","Western Pacific","Brunei Darussalam",75.8488194117647,0.515285882352941,94.7344705882353,26.1882352941176,99.90001,378.623294117647,2.22575294117647,19.86658,0.00922235294117647,3.29046833333333,11.57398,65794
"168","South-East Asia","Maldives",74.9363947058823,1.47212117647059,87.0661370588235,24.2764705882353,96.17364,357.497235294118,8.57406823529412,19.2625658823529,0.01697,4.479438,3.78929,7713.84615384615
"169","Americas","Bahamas",74.1076270588235,9.61760117647059,176.270047058824,27.3647058823529,98.5850941176471,340.88,5.30793705882353,21.7032094117647,0.0111841176470588,2.23284,11.466705,21649.2307692308
"170","Europe","Iceland",81.5078458823529,6.93235294117647,59.2739611764706,25.9176470588235,100.000001176471,308.365352941176,8.73657941176471,23.9490435294118,0.00201676470588235,7.20010647058823,NA,32263.5714285714
"171","Americas","Belize",69.5836735294118,6.03332823529412,187.771982352941,28.2058823529412,92.6206382352941,307.378352941176,5.17630823529412,16.8966205882353,0.0167891176470588,6.03569090909091,9.05567,7355.71428571429
"172","Americas","Barbados",74.49072,8.18548117647059,112.225258823529,27.1352941176471,98.4044347058824,279.392,6.68983823529412,19.2283035294118,0.0135502941176471,5.49510428571429,8.99301,13284.6153846154
"173","Western Pacific","Vanuatu",70.5741052941176,1.16718058823529,154.301505882353,25.8235294117647,85.3738,227.506941176471,3.50847411764706,17.5243035294118,0.0231023529411765,6.7231175,NA,2432.14285714286
"174","Western Pacific","Samoa",72.5279705882353,2.98366411764706,144.390711764706,31.3176470588235,93.7992658823529,183.899352941176,5.05767882352941,18.5103423529412,0.0167958823529412,4.095058,11.338065,4125
"175","Africa","Sao Tome and Principe",66.0778211764706,5.27853764705882,212.189094117647,24.2235294117647,74.7105176470588,171.461,8.53694352941177,18.0080335294118,0.0400273529411765,5.39758142857143,5.98449,2355.38461538462
"176","Americas","Saint Lucia",73.8286994117647,11.5682417647059,158.299317647059,28.3941176470588,93.2937988235294,169.208764705882,5.52623058823529,20.6659282352941,0.0141544117647059,4.44900428571429,8.390805,8762.14285714286
"177","Americas","Saint Vincent and the Grenadines",71.6079170588235,6.54791235294118,177.268935294118,26.3588235294118,94.2657829411765,108.478,4.29030058823529,19.26842,0.0190502941176471,6.613895,NA,8452.14285714286
"178","Americas","Grenada",72.0269452941177,9.01458764705882,161.065211764706,26.1823529411765,94.9123817647059,105.970823529412,5.59183882352941,18.1482952941176,0.0132644117647059,3.92674,NA,9517.14285714286
"179","Western Pacific","Micronesia (Federated States of)",68.21267,2.08359058823529,175.376035294118,29.2117647058824,82.8499035294118,105.937764705882,11.6123082352941,17.1239288235294,0.0358102941176471,9.58384,NA,3145.71428571429
"180","Western Pacific","Tonga",72.5029835294118,1.13439764705882,145.538264705882,31.7176470588235,99.1148394117647,101.337941176471,4.40053941176471,18.2619629411765,0.0151414705882353,4.266762,10.403565,4592.85714285714
"181","Western Pacific","Kiribati",64.8606605882353,0.523625294117647,209.393870588235,29.4117647058824,60.1868241176471,98.5017647058824,10.6478311764706,16.6871617647059,0.0557288235294118,11.586995,NA,2450.71428571429
"182","Africa","Seychelles",72.3273135294118,10.4909082352941,179.7022,26.0764705882353,95.0939129411765,89.6618235294118,4.77113470588235,19.1809947058824,0.0123261764705882,4.20861,10.38537,17446.4285714286
"183","Americas","Antigua and Barbuda",74.0334458823529,7.38722941176471,140.860511764706,25.9,97.3628370588235,85.374,4.98821235294118,19.5963835294118,0.00862470588235294,2.95576,NA,18750.7142857143
